source_year,filename,bytes,sha256,source_commit
2025,20016861.pdf,64757,980615d25172ba6a9dd192fa99a898df5b368f0667e013eb139ace5c917485b0,510945b2b1d600dd90b183858b86419926b81e65
2025,20018054.pdf,85172,8b949aa8f35d5453662c562c8c5aac3721f0d6c7582301f0fa98ca99d878e9a5,510945b2b1d600dd90b183858b86419926b81e65
2025,20021220.pdf,64801,8c00e45207dbb15be25130b228907cc6b0cbdbf85c6e0ff12e45ca999922b3ff,510945b2b1d600dd90b183858b86419926b81e65
2025,20024346.pdf,184813,c12ef019381a3d19dd5546653ef58415f6fcfea21f16d32b33fd287d359539dd,510945b2b1d600dd90b183858b86419926b81e65
2025,20024927.pdf,65900,15a9d58af8e0119204b1680fffd6b2aef172f7c506e348ae2d2bfc5cbfd4aa4c,510945b2b1d600dd90b183858b86419926b81e65
2025,20026489.pdf,61956,caeb2b7977bda06dc0a7e82dd6c60a22ba166361361017ee119c8c7de7f53f12,510945b2b1d600dd90b183858b86419926b81e65
2025,20026513.pdf,63212,2f0935134d83ed93e51aba97edd065d6932fc95cf07e65052c2767ca4c669a9b,510945b2b1d600dd90b183858b86419926b81e65
2025,20026516.pdf,76218,dbbe51e856061ac81977b95ebe67c9ee29673f2843ad00869ba3544da3c926fd,510945b2b1d600dd90b183858b86419926b81e65
2025,20026517.pdf,71377,2ff97d239825a7417d038babc5fc062a2315590a455523d2d471ef2cbc1a25b8,510945b2b1d600dd90b183858b86419926b81e65
2025,20026533.pdf,119392,003447f7757b28f0f70b58ac13889bae02892fd3ba8abbc68cf925cf26fb50fc,510945b2b1d600dd90b183858b86419926b81e65
2025,20026535.pdf,67925,eeef33542b07e165cc9beb3ece6e664ebbac561f1738986771cac31396145dac,510945b2b1d600dd90b183858b86419926b81e65
2025,20026537.pdf,88771,84bd26667d4ffb8e956be439243bf08aa51f9a368df905f03aa51cc2e001799e,510945b2b1d600dd90b183858b86419926b81e65
2025,20026538.pdf,65020,d8cacd1296c80d15d59c219547a4793477dcf8f772ebe078e1efcae1e29e0814,510945b2b1d600dd90b183858b86419926b81e65
2025,20026545.pdf,71635,719c50755d760eab9307c99b5daf94b900831cc685e6a9bd29b704f14db556ec,510945b2b1d600dd90b183858b86419926b81e65
2025,20026547.pdf,64127,cc1195889ed4a711d3922e04bb53e08fa6d2d8f9c6780b5eac4885a369a2f5dd,510945b2b1d600dd90b183858b86419926b81e65
2025,20026548.pdf,65141,7d5684094d4177a6067ee91fd124d35341832b479484c8648f9a0d5dcf89efa2,510945b2b1d600dd90b183858b86419926b81e65
2025,20026550.pdf,66143,d957c0440a2b592386b51bf449c0109842e12836773b8781306085ca5315c0f2,510945b2b1d600dd90b183858b86419926b81e65
2025,20026551.pdf,65605,9a97830c6bfabee2e71da27364110271d21169f7a2b28a0315c46053799536b3,510945b2b1d600dd90b183858b86419926b81e65
2025,20026556.pdf,66513,8cfdbf75dcd91fed4f2e73f5bb390cf3071798e4a645a1c0bab70b5dca637dd4,510945b2b1d600dd90b183858b86419926b81e65
2025,20026577.pdf,70216,425d89a95900bf1d73e93c59cb028f8ee43bab8d187c844610af1b2a1c178c75,510945b2b1d600dd90b183858b86419926b81e65
2025,20026587.pdf,70436,dc633afeccc9a736085f3dc0bb33558e3d3a733f3b8e60ba5a2d2c0ff3ad2c5b,510945b2b1d600dd90b183858b86419926b81e65
2025,20026590.pdf,73924,928b158151a385bbd8559711b78cfbb6bff7d0069d078aa0ccfdc7efd9617df9,510945b2b1d600dd90b183858b86419926b81e65
2025,20026591.pdf,72112,f14612d6293573b26fe2bad3c94658ac48d47a53aaf50e12d4d093289ce73d6b,510945b2b1d600dd90b183858b86419926b81e65
2025,20026597.pdf,95699,4531f120b5435c8c32bf4bee98a1d748c0e2699324350158cfddf7bd42ec500f,510945b2b1d600dd90b183858b86419926b81e65
2025,20026602.pdf,63079,a4bffd6e154467cfc0fe43fc454d7ebb7b1a58d479684e0d8a4d49fb6d82bd7d,510945b2b1d600dd90b183858b86419926b81e65
2025,20026638.pdf,95061,c4ed66a9433dc82c1c8611050188fbacf05e66633bc3b9026a153ed36041d55f,510945b2b1d600dd90b183858b86419926b81e65
2025,20026639.pdf,64625,9dcbb12fc4e7d54be82823648810c18263aba6114d0663dc03b374b8edba36ca,510945b2b1d600dd90b183858b86419926b81e65
2025,20026647.pdf,67292,c1d7bb0e3cf9bd22ca1efae9801a4f2b0162720d0c51933ee591430d9c479dfb,510945b2b1d600dd90b183858b86419926b81e65
2025,20026650.pdf,62997,b3a621b093d687a1a1a02dbbd90045dc47f29498413228aaba595c1436d60d1f,510945b2b1d600dd90b183858b86419926b81e65
2025,20026658.pdf,112612,69c0dfd54d5fd2c7de6bcd5dac786df372445942dc60aa1e696840a76de0eeb9,510945b2b1d600dd90b183858b86419926b81e65
2025,20026666.pdf,64755,8a288f04976638b50c734079e4cc320a17aff59c599aaef7acd0ffaf10677cc4,510945b2b1d600dd90b183858b86419926b81e65
2025,20026684.pdf,68758,8af791c00c231e6981949103df7864b4d5ca857addf45b96d43d69d541d9ccc0,510945b2b1d600dd90b183858b86419926b81e65
2025,20026695.pdf,69634,210fc0fb115e544e867d777039e5e55529e5fdfb4372af2c1271159db3ed9f2c,510945b2b1d600dd90b183858b86419926b81e65
2025,20026696.pdf,63531,380f54b0c6ad0f145fe7d6439914e08f4af9ed92dc8df308bd94fe728ff6ddcb,510945b2b1d600dd90b183858b86419926b81e65
2025,20026701.pdf,71061,8963f63f514fbc5b607669c9c6f729db90f1d923b5459a73599f401ef90ed814,510945b2b1d600dd90b183858b86419926b81e65
2025,20026706.pdf,65968,1a979dd8e274485063a1610b382759c9479796b3744149aec16bcc3f06734554,510945b2b1d600dd90b183858b86419926b81e65
2025,20026712.pdf,76250,dc3e01a64213c286b80fbbf4bcecb7db6a63a9f494683827cea961f0b0e15ab0,510945b2b1d600dd90b183858b86419926b81e65
2025,20026724.pdf,66741,2e639ecaa310362debaa727658c23e5891bb3b4eee860c8b72f793e9185ab6a8,510945b2b1d600dd90b183858b86419926b81e65
2025,20026726.pdf,140098,5db9ebcd1fe9eaabc80914e56a3d6365ca9a7f98cdf16e3279d0d14c4e4b9e87,510945b2b1d600dd90b183858b86419926b81e65
2025,20026727.pdf,89319,e034208f56244c403d1b4c47dfb41b3c1b08be65cc2421eaf6c11b4e91c6f76c,510945b2b1d600dd90b183858b86419926b81e65
2025,20026731.pdf,82639,75d7b77f28f86cdff02b660af2d7c8253452efc15988fc607f096aeb55db4ad1,510945b2b1d600dd90b183858b86419926b81e65
2025,20026732.pdf,140339,d9833ffc31df86f1991ee88052376df18db626c6d3f35aaa38b33335b5396b54,510945b2b1d600dd90b183858b86419926b81e65
2025,20026736.pdf,65496,da2fb327eba8d9665a85ec321f9c4b135a52badf14cb22640be0d7c5bbe17a94,510945b2b1d600dd90b183858b86419926b81e65
2025,20026750.pdf,63355,32c7d67dc58e52e565e70e2edec021fa5bc5f01237366d7888f4818886ec53a0,510945b2b1d600dd90b183858b86419926b81e65
2025,20026754.pdf,66324,2be1d4f51efe365f45f7e155ab406f75ba3e5b4789f5ef85b4ce2b539030d7e2,510945b2b1d600dd90b183858b86419926b81e65
2025,20026756.pdf,75707,34c52397515dfc08247f453f0448e3215c191ca3e29d4cf22edf44496c9ec2df,510945b2b1d600dd90b183858b86419926b81e65
2025,20026762.pdf,114051,a871c9cb48af991b4e8a97ab01af4d7a82432d442ca134c1ee605ff12c1c282f,510945b2b1d600dd90b183858b86419926b81e65
2025,20026770.pdf,65359,ec1acf44f0d247ddc4a16b6e3ebe34eedf607775036de7035b8545cb2fcbd43e,510945b2b1d600dd90b183858b86419926b81e65
2025,20026774.pdf,64704,03ef14785fb120c7bb5dfe1030fd6de2be1f31aef4a5640c86c01267a848501c,510945b2b1d600dd90b183858b86419926b81e65
2025,20026791.pdf,71678,70fc0a7a033f0f70004e81d43d7ba11df94d2fa3d5d54bbdb315370699263677,510945b2b1d600dd90b183858b86419926b81e65
2025,20026792.pdf,67555,72f05e92655a5412d650271c5f13592bcde3d369f9185105d2b479055b7e04b3,510945b2b1d600dd90b183858b86419926b81e65
2025,20026794.pdf,66315,0aeab13bd5e3bb26bec981c05a5d46a662b55ba58d66e69aaf635431e5987860,510945b2b1d600dd90b183858b86419926b81e65
2025,20026796.pdf,83991,fad50e3a37c9e519d31aa9687d0cc80caa027828fdb68b13e659025257076248,510945b2b1d600dd90b183858b86419926b81e65
2025,20026802.pdf,67996,9290cf797f9c05446c301ef993e06946fdc372b2fcbcd102e5f73831a0852ca6,510945b2b1d600dd90b183858b86419926b81e65
2025,20027805.pdf,67133,5f3c8ea6dca5ff8be795bbd9350954e8f05423b8666a8443eaf33d3d42085564,510945b2b1d600dd90b183858b86419926b81e65
2025,20027807.pdf,63609,e954d54f8da245335533693ed4a7a4c50f86b40efca3631cbc32fea038136409,510945b2b1d600dd90b183858b86419926b81e65
2025,20027810.pdf,63073,f9604fe7805e56df5bf465f5dc12beca887bdf611d0fdec76c894106e6c407e8,510945b2b1d600dd90b183858b86419926b81e65
2025,20027820.pdf,61449,ed0117cc7ce0be31cbbedf9cc0519ba79fc3b7c70ef0c16849e3904552f019fc,510945b2b1d600dd90b183858b86419926b81e65
2025,20027834.pdf,66053,6b14e0eb716ff1f06b51bcf489422d4399d44342e11f405107bdca4967ba5d85,510945b2b1d600dd90b183858b86419926b81e65
2025,20027837.pdf,77483,415e46aa3669382e3ab97dc8019dfcb7f29c9a9cc5b376bb54a28e016318a871,510945b2b1d600dd90b183858b86419926b81e65
2025,20027838.pdf,66920,fd7c192d3e49063486cb5f37b0c75e4769d11c8fa24bb1a2689a80869642068a,510945b2b1d600dd90b183858b86419926b81e65
2025,20027845.pdf,68431,d7e110ff84f533d2f0050785f47bef01ab5158a7e793c3b069a617b9cd8afa9c,510945b2b1d600dd90b183858b86419926b81e65
2025,20027846.pdf,66315,d8ae2b808123ace7ee77c7ff37d03e2657d7a49040f7184a2e63f65fbb70d239,510945b2b1d600dd90b183858b86419926b81e65
2025,20027855.pdf,64405,4dd806a65b4328bbd6ae976cd09fd09c8188f07b0599a5ebb1de7fdef67a2fe3,510945b2b1d600dd90b183858b86419926b81e65
2025,20027867.pdf,66420,084938ecfb2bd1e7335b715c6896b81681bd7cbb459bb6b63e35c8c9e48a4b79,510945b2b1d600dd90b183858b86419926b81e65
2025,20027876.pdf,63521,0cc95830e990dfa030c474e8048a1ffe9e5d43cb1a1c0b2e9552fc5922fbc99b,510945b2b1d600dd90b183858b86419926b81e65
2025,20027879.pdf,132187,08abac5787097562a096079f6fe7e903eb94edd207d8e58b7f3a36c3b4091c6a,510945b2b1d600dd90b183858b86419926b81e65
2025,20027885.pdf,74035,587a700c3a1fd796432ce273b81e8a6bbe653b64ba43dc570baac5dcb00b3a8f,510945b2b1d600dd90b183858b86419926b81e65
2025,20027891.pdf,111509,07dda88cbaa7779d98b59cfe03fa14348af2467ede8219c6799f947fae6697a9,510945b2b1d600dd90b183858b86419926b81e65
2025,20027895.pdf,64838,477eaa40d9ab8ab2091ea19091ff67346104a401213e7acbe234d6d8e67bdfa4,510945b2b1d600dd90b183858b86419926b81e65
2025,20027896.pdf,65350,a52129db10f6b49a2ae7c591a97efea353daf13669e233f828f8195b801afc6a,510945b2b1d600dd90b183858b86419926b81e65
2025,20027900.pdf,65001,a09e4d68c45c9f56f6d7053f70ae0b6fa521b929c21849a5816260b7cfea0fbe,510945b2b1d600dd90b183858b86419926b81e65
2025,20027901.pdf,124767,bb13d16bae984af6f5e1e92a53c9f50d9cd22e13c21b3511e23d90e86147fbab,510945b2b1d600dd90b183858b86419926b81e65
2025,20027903.pdf,70846,8bb2ea9ef4d6a2d068afddd1b256c5b7149923808b473fa68cd387a687cb6cce,510945b2b1d600dd90b183858b86419926b81e65
2025,20027907.pdf,66220,369f886d8d39676d86d4e32fe015818f08c738467c15adf730edbcc135eb44ae,510945b2b1d600dd90b183858b86419926b81e65
2025,20027911.pdf,65659,1fc184a2d1af6022387c11bc078cb3aa0d2c41d5a2aee0d4035bb70942d2cffe,510945b2b1d600dd90b183858b86419926b81e65
2025,20027912.pdf,62590,911cea63bb381f0b671faff4396d97d9ac3c8cbeeee40e804d456cb10b650eae,510945b2b1d600dd90b183858b86419926b81e65
2025,20027913.pdf,65441,7c53ee08dd084bd1d6882698610d691c0252d8b34c7535b6571a4a413ff19311,510945b2b1d600dd90b183858b86419926b81e65
2025,20027916.pdf,84936,2673600bf3ba34924b13b43e9534e029a791a2fca1033a3708c5aa17f57ca974,510945b2b1d600dd90b183858b86419926b81e65
2025,20027923.pdf,75575,aed36a53aef0775529c2937b39906f057ccdc025ade63406114458c823dde56d,510945b2b1d600dd90b183858b86419926b81e65
2025,20027927.pdf,65960,decda87eb1992b3468a72e2df95d1667257bce77630b2fa59f66470b1dede606,510945b2b1d600dd90b183858b86419926b81e65
2025,20027931.pdf,71210,a058548a77abb2c377a745b85fb0ddb18c916ac6924fb7eed143dc326a28055c,510945b2b1d600dd90b183858b86419926b81e65
2025,20027932.pdf,66926,24ff75022129b9233d55f2684278881b5aa7599ba9f09f7c61a97fbb9bb79e27,510945b2b1d600dd90b183858b86419926b81e65
2025,20027933.pdf,67106,0dee0499dbc8b100e878cdda4eea56145af234219451a43877e34081a3fd8192,510945b2b1d600dd90b183858b86419926b81e65
2025,20027935.pdf,64155,2d99c624dd5f62cebe5f87b3c10489139c577bdcf7451cd2dea2540bd93282c4,510945b2b1d600dd90b183858b86419926b81e65
2025,20027936.pdf,113350,a62b716a517eced2fa08ca214bf97f167884897282dba2587dffecbbadc1ad39,510945b2b1d600dd90b183858b86419926b81e65
2025,20027937.pdf,65337,c6830da9eead47ddc12a906f8d5262379f56e8e80a1f0eba89e76598b2963a48,510945b2b1d600dd90b183858b86419926b81e65
2025,20027940.pdf,72217,da49898a2cfe5b76e60aab2e73a416a52da57602e4dff16a837140c48c5ed736,510945b2b1d600dd90b183858b86419926b81e65
2025,20027944.pdf,81683,e1dfdd9cc3c2055940be61a331a2657a779050bcc4d4ada1f11c68c0013a1ca6,510945b2b1d600dd90b183858b86419926b81e65
2025,20027950.pdf,64748,3d432209e5ecc0159a5cb8bfddf568dd124f1257301c5ff9ba964a6d1c1055d8,510945b2b1d600dd90b183858b86419926b81e65
2025,20027951.pdf,64182,e7c3a09af443484c6eddd8b4e943fa20a26ddee2cf4cf5a678a05c6906b6b567,510945b2b1d600dd90b183858b86419926b81e65
2025,20027961.pdf,62547,f9fe4660f520c7739e7275b02d7ad78025ac4d70a1c87d8428ea4d19ba424ee7,510945b2b1d600dd90b183858b86419926b81e65
2025,20027962.pdf,62195,0b64006862dd66dae723e8de578f7c6e1c783c12dfc8170182330dea885a0f13,510945b2b1d600dd90b183858b86419926b81e65
2025,20027975.pdf,93408,5cd096bea9b0559bd36cd0aa698deac49221e379252fe0dcbc6aa1e751eea867,510945b2b1d600dd90b183858b86419926b81e65
2025,20027982.pdf,115863,67250ec13b09b97ca82a384fdf4b3f120531e81d8e326b514633a41d9bc7abbf,510945b2b1d600dd90b183858b86419926b81e65
2025,20027995.pdf,75760,8cf20217f3264018337b2c13a73925fdf02e176ae40539fc339221120abdf187,510945b2b1d600dd90b183858b86419926b81e65
2025,20027999.pdf,62831,cb76eb05abf88786e7d2638d31ac1e40b262ba78e873205427c4d5ab86a85f8b,510945b2b1d600dd90b183858b86419926b81e65
2025,20028002.pdf,73607,7ee193fbf805b4c38c7d4315649a1140fcaea9c3379fc55e192442b4642d52e1,510945b2b1d600dd90b183858b86419926b81e65
2025,20028007.pdf,70251,27320f1179a1a4c4116527f40e83a52d89351dc0747a7cfaade9ad5322d2e460,510945b2b1d600dd90b183858b86419926b81e65
2025,20028016.pdf,62332,fcde0a4dbeef36f334e50f478afd394360f264ab697190002aecb24c3edcebaf,510945b2b1d600dd90b183858b86419926b81e65
2025,20028025.pdf,64732,5f3750163b70aadf8deccb6abce589de4363abd4268e110ef3edda66860ee63f,510945b2b1d600dd90b183858b86419926b81e65
2025,20029026.pdf,125375,adb4ef8ed20bf27e117072b6fed8705d9b2d87b63fd93d2981a414cacc5be0a0,510945b2b1d600dd90b183858b86419926b81e65
2025,20029028.pdf,62614,7c153a8dddf3e96064975e6dc36a0e4b8890dba22c0dafee302318f36188143b,510945b2b1d600dd90b183858b86419926b81e65
2025,20029034.pdf,167705,8b8f9ad6e4761dd8567eed0c9c57389fa64cb70c2c065967226634d78a7807dd,510945b2b1d600dd90b183858b86419926b81e65
2025,20029035.pdf,65615,fbd609f9a245d38bd87c989e26fa350dca8c18a6b60c06279c59e36615c3c87f,510945b2b1d600dd90b183858b86419926b81e65
2025,20029038.pdf,178004,5e151037505c4924567193a7836121d9466a4f2fbea7c676f87d4426df93a745,510945b2b1d600dd90b183858b86419926b81e65
2025,20029046.pdf,66648,7779945d22dc5f3ead33914d2b4f4e93ee2e78d4134ba78d84f38cd7aed96e6f,510945b2b1d600dd90b183858b86419926b81e65
2025,20029053.pdf,67987,cc04f5616143ce480eb3a318ef72986aae9a28e2ae8521a61281aa196f155f4d,510945b2b1d600dd90b183858b86419926b81e65
2025,20029055.pdf,82061,37fb7e7d1f18e36de65c4b5ef335a15d2d3983af6f27544ddeb1f30357b1bdd2,510945b2b1d600dd90b183858b86419926b81e65
2025,20029059.pdf,76654,e8b2d5f744769bdd3b70796c927e93c3618d347b7cc351e60532f34191068843,510945b2b1d600dd90b183858b86419926b81e65
2025,20029060.pdf,89595,c3e65e3d1d17df5455fdf0e40c8f61928e7ab78502d07405c2b7bf5c8495c2eb,510945b2b1d600dd90b183858b86419926b81e65
2025,20029061.pdf,68074,e2b55eef4e320fad14e42fdd8a5fac0786043bdef238ec55cef49283dd617a10,510945b2b1d600dd90b183858b86419926b81e65
2025,20029062.pdf,65772,d6237ba9f1bc44b6c321ba2edc1c31899b28750c7ef163d8860bea0f5440fbf9,510945b2b1d600dd90b183858b86419926b81e65
2025,20029064.pdf,84147,2a755fd9c690644fbf830689f2b6241a7768e661048eb4a98152c857ce53cd1d,510945b2b1d600dd90b183858b86419926b81e65
2025,20029065.pdf,69968,14686faf5c646b6f979870d2138059f92b3f3aaef3d3a2296516543d202c125d,510945b2b1d600dd90b183858b86419926b81e65
2025,20029067.pdf,69827,d482df9d89de4e38ad6b4857d27dbfd99e0679670258f7be9596d00ce8edfc81,510945b2b1d600dd90b183858b86419926b81e65
2025,20029068.pdf,64927,1ff2a842453b3fbd3ed4a2b308ac6a44ddbb946895a248ddc2656848c24941a3,510945b2b1d600dd90b183858b86419926b81e65
2025,20029069.pdf,90993,39e65f3e4b565de9528d77833e7b0bcd19be4bf0ec279be0481a24892d7d811e,510945b2b1d600dd90b183858b86419926b81e65
2025,20029070.pdf,83561,d790bb69700af5ea18332c8d9fe66804b8e3342d52486853b0743af1271793f6,510945b2b1d600dd90b183858b86419926b81e65
2025,20029079.pdf,80634,e331111fb78f36127cb9fadb0a6eaf71083eb374c971561a12d928f3ef0ab4f8,510945b2b1d600dd90b183858b86419926b81e65
2025,20029082.pdf,94302,c7be2f4a3516ce7e6ec079a31a4655e11462a9c662d6f25b05eda1e10736500d,510945b2b1d600dd90b183858b86419926b81e65
2025,20029083.pdf,110930,e5ff98fd5acafb3b2f7db43e565b32628c2116549c65992042801ee3f31b2e2a,510945b2b1d600dd90b183858b86419926b81e65
2025,20029084.pdf,108197,ae5a90d617df61c010a1b30a23ec4e96fb1f7fc0041b72a4a948041327c1757f,510945b2b1d600dd90b183858b86419926b81e65
2025,20029088.pdf,67132,1ac91631ee622acce9ad2eb269e0bdbfdb4fcb3fb00802c062a8b28a28133864,510945b2b1d600dd90b183858b86419926b81e65
2025,20029089.pdf,79717,5207a621b8549b2aa126a15eda41b501a65ecceaf19233021a193773458a129a,510945b2b1d600dd90b183858b86419926b81e65
2025,20029092.pdf,109399,4bf7be28e49f8ed56d00bb7b031026a84432cf49a94603b695dcf3bab3143602,510945b2b1d600dd90b183858b86419926b81e65
2025,20029097.pdf,66302,d77348ccefebe0ba35aa1577a2f1482db5bb375970c0e646e1d31dbf5e277da6,510945b2b1d600dd90b183858b86419926b81e65
2025,20029100.pdf,62931,51859448c8aab9454a8d78990d5e2e417ef51da7fa9251cd3cadbd7ded07fa89,510945b2b1d600dd90b183858b86419926b81e65
2025,20029105.pdf,74844,fe0ef6f0c78711df38a237ed1c0eb74ef6fc38803b23a6eefcdbe4cc2f1c9651,510945b2b1d600dd90b183858b86419926b81e65
2025,20029120.pdf,63237,8770341d1bd6583f2662bf1c61ff3e69541548901d9e42209ad66206307146ab,510945b2b1d600dd90b183858b86419926b81e65
2025,20029121.pdf,81783,b0f286a9f9ec52b25d878feae50148fda74ab512c2b207a95380a92fcbde6768,510945b2b1d600dd90b183858b86419926b81e65
2025,20029130.pdf,61923,90c8773337354b5f78b0ccf36f866901b986cc7c02870c9940020459673b866b,510945b2b1d600dd90b183858b86419926b81e65
2025,20029131.pdf,61929,b856ead5baafa616b51ed389485e755435c305c16026d4854a4965398fae7b06,510945b2b1d600dd90b183858b86419926b81e65
2025,20029132.pdf,65519,17bd522f707057458ab4388089033f7f3a64aa3afa03cc9a42e6ceeb5a64b093,510945b2b1d600dd90b183858b86419926b81e65
2025,20029134.pdf,91411,858b90a0f0b9852c95fba6e755a8b75a719ef56686e2591a050343e0411b9cc3,510945b2b1d600dd90b183858b86419926b81e65
2025,20029135.pdf,77922,cde21efda1cf274188d90821fbf2ab5bf89fd7437b9c5626f861db4fa72c9099,510945b2b1d600dd90b183858b86419926b81e65
2025,20029138.pdf,82276,778f643097f59167f5716c469304bcc2539f75cbc6c4d7ef77a7cb980143feba,510945b2b1d600dd90b183858b86419926b81e65
2025,20030146.pdf,161557,13111be30a6f6776183a92e02738799c34154c665d1566b1cffd1d532bfe76ea,510945b2b1d600dd90b183858b86419926b81e65
2025,20030155.pdf,67327,0661751678bcc7d4a9abdfbb6329a59dd92fb6e5687d57fe948bb690c2b9dd6f,510945b2b1d600dd90b183858b86419926b81e65
2025,20030158.pdf,63922,a69702405b8ac239971bfb6ba70ebad3d09bf2abe0c3c71ab37438dc371edb00,510945b2b1d600dd90b183858b86419926b81e65
2025,20030174.pdf,66370,4108145c343a001e457ea6c76708f5c77e7cf1b5da8848e71d0565aeed35cec8,510945b2b1d600dd90b183858b86419926b81e65
2025,20030179.pdf,79142,d9848db1d7d9d8a8058c651b61d93ea03733186c8979046104dc3734a1df5844,510945b2b1d600dd90b183858b86419926b81e65
2025,20030181.pdf,63589,7b1fcb6531b50598b2358c71553af7a89a7b0137ada2fcb9ccc0cdc1a06b8c13,510945b2b1d600dd90b183858b86419926b81e65
2025,20030185.pdf,85697,eda27c015fb949e45bfbd5b05609e02682479db637befc7957be1caf3fcddf88,510945b2b1d600dd90b183858b86419926b81e65
2025,20030187.pdf,65274,c0e170d55c002fb0de3ae6b50264b62bea95c7c2dec3f084b732be418bf0c2c2,510945b2b1d600dd90b183858b86419926b81e65
2025,20030188.pdf,62001,c6e8b18e0580e2379b891b5ccb28ee5224a72a41928bacc7f1e232d00370d43f,510945b2b1d600dd90b183858b86419926b81e65
2025,20030207.pdf,70068,f6bfb6f670e3c654aacdca2c5f15aaf66ba3aeec95f7e2d62bce83366afcd128,510945b2b1d600dd90b183858b86419926b81e65
2025,20030212.pdf,85846,f3786d1acf5e1959637814c13b86ef0c8039535029f6f898fe5b2a3392284c69,510945b2b1d600dd90b183858b86419926b81e65
2025,20030215.pdf,65170,19eebc53efc2ab26d2374585a95e96bbe51b4bbb110eb6d19ed57bc28376022d,510945b2b1d600dd90b183858b86419926b81e65
2025,20030231.pdf,205684,64a395ae6c39f5451d0bc1f2abebb272d44175476550360932b472e6afada746,510945b2b1d600dd90b183858b86419926b81e65
2025,20030233.pdf,66153,300ef3189d1c7df20765404833f9cc7dfa4c782c3e16803c00d867b154069a33,510945b2b1d600dd90b183858b86419926b81e65
2025,20030234.pdf,63292,451e5c605aa11fcd4ca7db47c55d086f29bee978c3608842190faaa34d2d5a90,510945b2b1d600dd90b183858b86419926b81e65
2025,20030235.pdf,62542,c7276e243f47284813ce712d841313e1d19ed8867a7a968c5ac8ed4ac0e92661,510945b2b1d600dd90b183858b86419926b81e65
2025,20030236.pdf,65347,95d70b5184061cb799cecaf4ef6ffb7f6abb10bf47aa47a48978102f1d54a2c4,510945b2b1d600dd90b183858b86419926b81e65
2025,20030237.pdf,63302,3a021539d7a30e152c7866b6401e4e144c324796f35e8d2e167ad24a229f171d,510945b2b1d600dd90b183858b86419926b81e65
2025,20030238.pdf,111960,d27b63767f9aa5901d811941c8db96b3947e57033ac38a6645ac55562abe97f8,510945b2b1d600dd90b183858b86419926b81e65
2025,20030262.pdf,67059,e01c1031aafcec2393e984b7525caf2068b2f93745425801058e4e3fff0ab175,510945b2b1d600dd90b183858b86419926b81e65
2025,20030265.pdf,80551,8b21a2432644abd3fef1d3e05538c873ab30d5d15e0012bd57437f57347c4ab9,510945b2b1d600dd90b183858b86419926b81e65
2025,20030267.pdf,66175,7f14f99fa3c5ce3cdb88238f575d72d6db72e456d382996eaa1736ee896999d7,510945b2b1d600dd90b183858b86419926b81e65
2025,20030275.pdf,74515,77bf6794ea97a7ffc26a0a7b4b0e74a471e5cc6792f07206dada35fcb491df21,510945b2b1d600dd90b183858b86419926b81e65
2025,20030282.pdf,98612,98cc2160735929d4a774c2bccac6a79618b9331f1cc48c8206b9dd6c836c19e0,510945b2b1d600dd90b183858b86419926b81e65
2025,20030283.pdf,72857,77f8c7faa0997a7b3a61a51d87e4d7c5893842940654511746227412000be793,510945b2b1d600dd90b183858b86419926b81e65
2025,20030285.pdf,62979,78ed5cf479bbc425d44198f1df3dc2f525a8175469633e7d537020b535ee21de,510945b2b1d600dd90b183858b86419926b81e65
2025,20030288.pdf,132935,72f9ff318a495512ff99df0958350652fff11d29841d3a425f19a1fd1377933f,510945b2b1d600dd90b183858b86419926b81e65
2025,20030289.pdf,64032,13ad0b499cd30aeb8265a208a789d0c2f71c0eaf8e4ccdb3fcab9160da75dcd0,510945b2b1d600dd90b183858b86419926b81e65
2025,20030291.pdf,179249,8fea7cd2760c902bb966b5fc5b8ff60f6716049f34adfb8ed846ebebc12d9caf,510945b2b1d600dd90b183858b86419926b81e65
2025,20030292.pdf,114660,0908a32b6967c6fbdad10a8752a8198e450be0131cc95de5cc7fd8ccf389f221,510945b2b1d600dd90b183858b86419926b81e65
2025,20030295.pdf,120054,84e607b7bf0395e139aa35a9dcb17fe6f85821f65a7aeecd793ce296aa49edba,510945b2b1d600dd90b183858b86419926b81e65
2025,20030296.pdf,203212,bba42089f1fa654eb019e4c126e929d7178e70765ee5f7dbc94a95d77aaa2ace,510945b2b1d600dd90b183858b86419926b81e65
2025,20030307.pdf,69271,0e3856b915af5802855caa7b2f6f83f8fe30bf162350aaa5e9586d0f28c26fcf,510945b2b1d600dd90b183858b86419926b81e65
2025,20030311.pdf,64476,5541e02577c75833d19d0f5bb2a7ac5a74cdc1d97e608536784b5819ae727415,510945b2b1d600dd90b183858b86419926b81e65
2025,20030312.pdf,70253,2af5a8af62571d182ae882413a7308c9df7a325997ff17772c2bc0cd0846c5e1,510945b2b1d600dd90b183858b86419926b81e65
2025,20030313.pdf,75831,2b5ca2352e17ac5140ce6aba585be1c0ee474f1feb3c40dcc9ff8fdcdf30171a,510945b2b1d600dd90b183858b86419926b81e65
2025,20030316.pdf,88911,f5bd7087864333b5cf9436465f12e0b9153a30fda9b4932e43bf28726b3f97c4,510945b2b1d600dd90b183858b86419926b81e65
2025,20030331.pdf,66567,9d91b324d7c1001d79e58e7e62d071f121fa16e131e287b8fca22fa9279d95c5,510945b2b1d600dd90b183858b86419926b81e65
2025,20030332.pdf,155568,795e056b4b8b289ecc5d114bac08245d8438d87571e783ce4e923e8a1ef1c810,510945b2b1d600dd90b183858b86419926b81e65
2025,20030336.pdf,65425,116b3fe1426e1710b460d6a410258a49d49be99a233acba649273a4d2415b7c3,510945b2b1d600dd90b183858b86419926b81e65
2025,20030338.pdf,177861,d29bd52aaf21e9f265aa72e6536d3c5e46cb32ceb5e351ad8cf0c0ec0179dde3,510945b2b1d600dd90b183858b86419926b81e65
2025,20030339.pdf,88348,1e3dafac05af4a800f42d46b76069ff86ccb970f89280319ab9da71077b1a200,510945b2b1d600dd90b183858b86419926b81e65
2025,20030340.pdf,64520,49b28c852d037490d4766b4c542c5cd2c7fde19ad67b7c9e403aa9beae0d95e4,510945b2b1d600dd90b183858b86419926b81e65
2025,20030342.pdf,71755,e27137710a381b44577303872e2d9f5d7ca75fc29b0ec7612901f12a61de0bac,510945b2b1d600dd90b183858b86419926b81e65
2025,20030371.pdf,61872,608678a79a5129fb5bfc596a278986997f61743589c2e544dfec554c4059678a,510945b2b1d600dd90b183858b86419926b81e65
2025,20030387.pdf,366564,f96b24ba647c43bed680b256edc545059a62274d4785abe3ba36c94d653ce220,510945b2b1d600dd90b183858b86419926b81e65
2025,20030388.pdf,65255,4a7c38d4524df1ac4b696461b8d52d2a2944487d8cce20ea27db23e1f4c1f758,510945b2b1d600dd90b183858b86419926b81e65
2025,20030389.pdf,80272,1dabbbcbe7b5024236181d927e54e6fd844ae385989eb62aa75ae0a9901235b7,510945b2b1d600dd90b183858b86419926b81e65
2025,20030397.pdf,63690,febcf296b2ad84f143b2668b3c0a0ac273aa56f0cf298859d657bd3b528455c3,510945b2b1d600dd90b183858b86419926b81e65
2025,20030401.pdf,65715,a45a15fa8fcf385a5eeee249cfb4651af7e70b73a5dcd1180c6ee36224874dc4,510945b2b1d600dd90b183858b86419926b81e65
2025,20030402.pdf,91949,204bbb203ef5c2eff354c7381d97236c75ead0dbab99adb16418c938c59f6e69,510945b2b1d600dd90b183858b86419926b81e65
2025,20030416.pdf,64812,45d022d458ad84016f943c37e2f99f5b1db4a26105816aeadfd6bb37d42c9138,510945b2b1d600dd90b183858b86419926b81e65
2025,20030417.pdf,69394,b4d370356f20a667bd94bc078b7e1fee8f2fb6aa11b21d4fe3f98645406c5a92,510945b2b1d600dd90b183858b86419926b81e65
2025,20030433.pdf,108846,331125ea56ca02efb3dfcc51ddd2a02c1b342f5271d8595786ee5a0ec5dcb9ba,510945b2b1d600dd90b183858b86419926b81e65
2025,20030439.pdf,62187,4ed5d190ec8c8fa1febef686cd5dc6f61ba98d0409ce7f2dc0a0860115a01d4b,510945b2b1d600dd90b183858b86419926b81e65
2025,20030441.pdf,66829,266ff7b51f81a8c07efd571278d0131c3a2e0a0b83c5645f322f9ef8b094ea1a,510945b2b1d600dd90b183858b86419926b81e65
2025,20030442.pdf,70224,1b07d5b71342f19fdbd175a4cbfd9e9f5b892ff2f82f6ab6382ac5891755e3b2,510945b2b1d600dd90b183858b86419926b81e65
2025,20030444.pdf,65857,ff4a92e61cbb0e39ef1fec2efd70cae3733f37b85be5fbad9ec4bf9e692e8e69,510945b2b1d600dd90b183858b86419926b81e65
2025,20030445.pdf,64249,3455825f63e4fd1b97fecfd990ee9986d15d330b13d76b8f8a08da5723f2dcc9,510945b2b1d600dd90b183858b86419926b81e65
2025,20030448.pdf,64824,e8d6579c96a95f90e6f9350374dc26741ed910c743c3ad8c378a5a9459934464,510945b2b1d600dd90b183858b86419926b81e65
2025,20030450.pdf,63395,928ac8664aeae983f1e27e9a06317802ee004607839e8a92aa117a69445ac6e3,510945b2b1d600dd90b183858b86419926b81e65
2025,20030452.pdf,68842,8b9b454c9851595044c308e47a6bde40e59120f9de81aba661316b1fc891bd21,510945b2b1d600dd90b183858b86419926b81e65
2025,20030454.pdf,64121,460ac68d004238e88dd62fbfec348bcc484a1af756b029ae600243beb27f2610,510945b2b1d600dd90b183858b86419926b81e65
2025,20030455.pdf,72068,80581fcf146069f8f7013fb43fdc19158070594f3838822a20ab5cef9c247047,510945b2b1d600dd90b183858b86419926b81e65
2025,20030458.pdf,63525,5366221913d5519d3659ea2ec6b07c0fa72bf3603fdf6896973cb6f8ca909bf9,510945b2b1d600dd90b183858b86419926b81e65
2025,20030461.pdf,129491,2605368131c6353b216fe271f2e17e80df0652082d3d78b177167e292ee59c58,510945b2b1d600dd90b183858b86419926b81e65
2025,20030462.pdf,86525,5255c58d192cd434b4f815952e27ad51faee112be40ca13c3d4b1f7a8f501e2a,510945b2b1d600dd90b183858b86419926b81e65
2025,20030466.pdf,65151,981ad313306c549aa5710c1f0386a5c3ab007e8d4abb9164dd480381cde89ab4,510945b2b1d600dd90b183858b86419926b81e65
2025,20030472.pdf,106079,b7792e8b4cd473b26e4a1b749f28aa62f85ec8e5d46ea3742e0956e5b7da3804,510945b2b1d600dd90b183858b86419926b81e65
2025,20030474.pdf,71210,a9c686420a5c41a860908f4e189d9476136f0df4d2ec79520aea8569b9da49ff,510945b2b1d600dd90b183858b86419926b81e65
2025,20030475.pdf,84308,9a35e0586b0b7c546d502cb24657462dcef2336bb567e796c97957f4b818bd98,510945b2b1d600dd90b183858b86419926b81e65
2025,20030480.pdf,63184,87f80f65ab0f3ed9d5ee3902a4eb833a1813c56f2f0f8ba145ce6bd8132f7839,510945b2b1d600dd90b183858b86419926b81e65
2025,20030482.pdf,116212,44ab28b42d57b2b2a3e2d0ab16b775b3bf522fb4d88c75432f7eb4c8ff6a4b50,510945b2b1d600dd90b183858b86419926b81e65
2025,20030491.pdf,70237,39b8d8c9e18df5b9dbf1bd67973e7b0faf417d09055752b216ffd9144718c55e,510945b2b1d600dd90b183858b86419926b81e65
2025,20030492.pdf,67504,22bdce126888072cd68761256e74b3b1dd2fbe769863a84098e415f1b97f2bab,510945b2b1d600dd90b183858b86419926b81e65
2025,20030494.pdf,119090,a3a95dd3e091f5a7efb46fe78eda1a531ebd9e35980bc23b45665d19fbb92bd0,510945b2b1d600dd90b183858b86419926b81e65
2025,20030502.pdf,90690,4072fc451cf8907d60bbcd9c6b5c0a85a42776e7dcd80af8cd81d3dc4439c980,510945b2b1d600dd90b183858b86419926b81e65
2025,20030509.pdf,64858,9203525c92e7102eaef5844758f2f66c869470cb5c42a181362a31213ee2cede,510945b2b1d600dd90b183858b86419926b81e65
2025,20030516.pdf,72005,0c41a023935e9011460ec7ff8d7ce84ca84ba17e076842afb030a6e4474dacc4,510945b2b1d600dd90b183858b86419926b81e65
2025,20030517.pdf,64138,6d5fd39b30fdf5f8a11bd9cc681794e85101e0c3c50bda5e20326e43cf2f15e2,510945b2b1d600dd90b183858b86419926b81e65
2025,20030522.pdf,84240,28c4391b55441832aecbbc94a20086c1d54aa31cf53d31d93d6f52297e389536,510945b2b1d600dd90b183858b86419926b81e65
2025,20030539.pdf,70207,cf8d03992b8f37543968cd4299fcf55906ac5a136ddc8cea057efe20bee67c14,510945b2b1d600dd90b183858b86419926b81e65
2025,20030541.pdf,80789,84ff4c5756069081c39adffb1fc39d56cf5fcca8d85376f996eb3e32176df670,510945b2b1d600dd90b183858b86419926b81e65
2025,20030542.pdf,64470,1543c0cc407589fa5760750fae6b33694e087dec0d30a62a31d82fa620a8d631,510945b2b1d600dd90b183858b86419926b81e65
2025,20030544.pdf,66355,e3362b594654227288d7eb41266e54e50ee995f7b6099423d127ef07619baee9,510945b2b1d600dd90b183858b86419926b81e65
2025,20030546.pdf,77106,8f0ca89db08dc435b7f8ac3cf5bc1864da7cc77e48d6d8ffe976a9ef61f2e1fe,510945b2b1d600dd90b183858b86419926b81e65
2025,20030548.pdf,64152,7d67288f6d9d5b5b3539f1b5983be34aeb07316cad16c9ea78ce468964bea0fa,510945b2b1d600dd90b183858b86419926b81e65
2025,20030551.pdf,82532,9eb34e7aa3040a474be7189f56db6035a495e4659640c0051ee2cbddee0f70eb,510945b2b1d600dd90b183858b86419926b81e65
2025,20030558.pdf,65522,d25413487cbe9492c3581bbf58ecdc0a68f9ebd37cc9fe59f9ba43ae6c433c48,510945b2b1d600dd90b183858b86419926b81e65
2025,20030567.pdf,85099,c0f91fa92f35b1a7bdb498a0aa3db48162566aa24fb37df14353f7352c9f47c4,510945b2b1d600dd90b183858b86419926b81e65
2025,20030577.pdf,62420,3c5b4dab82e5287fb7cb751ac75b8c59777e9651dce02d195a93fe389c96f3a4,510945b2b1d600dd90b183858b86419926b81e65
2025,20030579.pdf,66821,ec9da74da27feebe1f973c3c1471cee6ea1a822b71dfcdc79e74f8e4bb1b6a63,510945b2b1d600dd90b183858b86419926b81e65
2025,20030585.pdf,69922,858c526e8d6398a57715ff6f458f92929e51a27ea753fe7f44f053508e17508f,510945b2b1d600dd90b183858b86419926b81e65
2025,20030587.pdf,63868,f07db2f6620ac5ee50ab3f33741a80b6f46485573b08bb17f12384d443af4076,510945b2b1d600dd90b183858b86419926b81e65
2025,20030591.pdf,65731,2ed80723a6d9db060d22a9b1dcd0cf376f47b3c3096bf8c01abbecbe56017cbb,510945b2b1d600dd90b183858b86419926b81e65
2025,20030592.pdf,67101,58dbef06a193f232247b1584039d96acf977b3999ad681b1be9e244ae4c2e99a,510945b2b1d600dd90b183858b86419926b81e65
2025,20030594.pdf,65747,fb44d41d91bbc12f28a1065bcbab2af5206e410719fe9a857f1b01a721e696d9,510945b2b1d600dd90b183858b86419926b81e65
2025,20030599.pdf,66187,51a86fbe6ab172da8eb86887977e60f25a645d97521aeda91e310ba8603624ff,510945b2b1d600dd90b183858b86419926b81e65
2025,20030600.pdf,63857,de79a0067462f827a82c0d72f67fe7a4d8b150f47184ca484f2d8e9ca4af8bb3,510945b2b1d600dd90b183858b86419926b81e65
2025,20030608.pdf,65394,58dc75724097e76b01cc2569b11af66df692dcf5773934155da0459d6ded7b85,510945b2b1d600dd90b183858b86419926b81e65
2025,20030610.pdf,78550,ac0d9746e5b38ed21324fcb984b80bd09944dcac361c4fdd0fbf7609f2d755fa,510945b2b1d600dd90b183858b86419926b81e65
2025,20030611.pdf,69979,3e720847905f6bce558353123a07904111e017340350a8571b5aa471f5af44a0,510945b2b1d600dd90b183858b86419926b81e65
2025,20030618.pdf,66921,dcd4c02693bbdb76269f8c4c737206290c024f42015199a2cf2ff4f68c5e8b08,510945b2b1d600dd90b183858b86419926b81e65
2025,20030619.pdf,64053,65c45693b6314cbe584142666853dd07941a8b39b38bb69fff4a00f43e3b1a48,510945b2b1d600dd90b183858b86419926b81e65
2025,20030620.pdf,67385,6d630ed0e93e52ebf18acb20cc467b7761f563e4607bd7e2cb9509b994671e36,510945b2b1d600dd90b183858b86419926b81e65
2025,20030621.pdf,82155,449423de7c5aa79debf7497a1a2ff704a1652806fecb36d7d4800212f63a12e1,510945b2b1d600dd90b183858b86419926b81e65
2025,20030622.pdf,61912,34e202263c71f50658dd20de4c251fc3f86c48f0f7714195bb64ab06a4c31b7c,510945b2b1d600dd90b183858b86419926b81e65
2025,20030630.pdf,65720,d5e5acfb93b1e3fc8720212a4159927526039b57155f3e5a1a23ea297a4b79b6,510945b2b1d600dd90b183858b86419926b81e65
2025,20030632.pdf,65209,f4c5ca6adbd0a513ad93e72c28ae53f37b92c2e362fd4b76f7cc929f26bbeb4f,510945b2b1d600dd90b183858b86419926b81e65
2025,20030634.pdf,110009,458b6892646cd05caa60a1b9f65ca5729b1c26e43caf12106d166a997664a166,510945b2b1d600dd90b183858b86419926b81e65
2025,20030635.pdf,112062,7d4f556ad9b5fc324c609a587b82f781271caa83d4579e8f9d43a5d5f9fac06f,510945b2b1d600dd90b183858b86419926b81e65
2025,20030637.pdf,72428,f98f9493950da452e189dac6c49d4ec9274b012a7cf378c2c63f346081415501,510945b2b1d600dd90b183858b86419926b81e65
2025,20030639.pdf,69961,c53ca2396dcda30c4858bc482bb51328ac0fbae15f93e9e9ac1ca1852ec79c59,510945b2b1d600dd90b183858b86419926b81e65
2025,20030641.pdf,74497,b0631779886bafbdb29f7cefa6373c1426671a066a54084766944553d5332e2d,510945b2b1d600dd90b183858b86419926b81e65
2025,20030646.pdf,66265,013033db1c931c47948eb0d2f60e1e7dfbeeb4eccfe03cb2afc2b90260830c21,510945b2b1d600dd90b183858b86419926b81e65
2025,20030647.pdf,68947,c238d151a21b6077fef6d53db9ddbbeddd57819ccfbd13ea0c6cd13b5b2b41f6,510945b2b1d600dd90b183858b86419926b81e65
2025,20030663.pdf,69191,1304496f94c11edd3fcecb0219f82aeac406becf661af8e9f1b4a3f89ab6bdd5,510945b2b1d600dd90b183858b86419926b81e65
2025,20030670.pdf,80402,83c67c600596239235515f1634e8f68e21d638f246dee9d069736cdd64ac9eef,510945b2b1d600dd90b183858b86419926b81e65
2025,20030671.pdf,69135,f41dcb619828af6a8691c53d59284fdb1825202975dd077b2df812cb5c905a6e,510945b2b1d600dd90b183858b86419926b81e65
2025,20030673.pdf,66841,f326d0df94c79b1a6c54c7952ff677015323dfb9b379b0c40925f79b46738d73,510945b2b1d600dd90b183858b86419926b81e65
2025,20030692.pdf,62200,b298be120438394bff734402a6a64ceba213bfea673925ebf5c8949f23b6b479,510945b2b1d600dd90b183858b86419926b81e65
2025,20030699.pdf,97617,ac87f8583b66599886a5e6e8f7d8161f01f1d7b169013c906b17bec3f9a8ac00,510945b2b1d600dd90b183858b86419926b81e65
2025,20030711.pdf,66033,1410096be0e3c444643f0dd4f3d0a0d62142435ae5772f49e7754bcb5d929d71,510945b2b1d600dd90b183858b86419926b81e65
2025,20030714.pdf,66704,cff46883fad5c0552e16b40351955be81c65487f99446d7cb5b4493810c6c0b2,510945b2b1d600dd90b183858b86419926b81e65
2025,20030716.pdf,70849,6848ba4cbe3eab2250ebdb2a3932356eb032a57ceccd1f2be7fb6d2cea48dbba,510945b2b1d600dd90b183858b86419926b81e65
2025,20030730.pdf,63076,7b8617f309ae3defa9909a0c9b78fa739f4686d4e709553822d832e22124e5e5,510945b2b1d600dd90b183858b86419926b81e65
2025,20030735.pdf,64851,b4d257321faa1fb5114c476ba135bb7245e3ec674ca9db8405c4912a3992d050,510945b2b1d600dd90b183858b86419926b81e65
2025,20030737.pdf,67337,0753ba37555ce7f1ded60ee227712baf4d6ecb3f33976b131fafbc004f92fab6,510945b2b1d600dd90b183858b86419926b81e65
2025,20030742.pdf,67124,de4b610bbb0f381a10536712b781dc604769023d6c19de58751f291d1f59b7d6,510945b2b1d600dd90b183858b86419926b81e65
2025,20030746.pdf,67076,4f239c8c1160ee46e52f1156188394a1d4f4c975a6991f129ec133f914b13827,510945b2b1d600dd90b183858b86419926b81e65
2025,20030756.pdf,65877,be388dfee037261e57b71b5bc0e6ec38a970bc62e918e81e01023e067d6acc05,510945b2b1d600dd90b183858b86419926b81e65
2025,20030778.pdf,66815,63d2c5421ddba97c80d5e8be953416970d4f10962d061469fb49194159343e08,510945b2b1d600dd90b183858b86419926b81e65
2025,20030782.pdf,104354,fea16c87f68ba2a6b3af20d9e350f722efa38fbc93f3592ab1293f14b12f50f1,510945b2b1d600dd90b183858b86419926b81e65
2025,20030800.pdf,65156,5fd1392717801bbfdc04260d45aac94bfa5787edd3ff3d6def4e263b96ffc2e1,510945b2b1d600dd90b183858b86419926b81e65
2025,20030802.pdf,65436,df9eb7926f9cec02a357205e7bd7b77d57a156766cdcf6b449ef28af48fca366,510945b2b1d600dd90b183858b86419926b81e65
2025,20030803.pdf,118387,05a5d833c10e73a34aee70cfc4266a6f4db4ce055ca86298f523efd689d7d8e9,510945b2b1d600dd90b183858b86419926b81e65
2025,20030810.pdf,62069,72f42c32b26cd30ba1ba481d6fa8bcaba5c804ac9d482a5c8aa0921bbc1f9cab,510945b2b1d600dd90b183858b86419926b81e65
2025,20030820.pdf,63074,2b5f3188e5d05f2d8b513540829a941ba2dcf7045bb9b43e28e43d0ea83da1fc,510945b2b1d600dd90b183858b86419926b81e65
2025,20030822.pdf,83622,384d97717f6c55278506a67e5d51469408e36b73e66050cacffd27ed2f12fd69,510945b2b1d600dd90b183858b86419926b81e65
2025,20030824.pdf,81577,45fc6a294d61f2401f414ffadee51b7669229219cad9f5978f8dadaddeabd672,510945b2b1d600dd90b183858b86419926b81e65
2025,20030826.pdf,82081,da49a9595fa5888354f19f34ef2b121dda8dfdad9040c897553c157cce8e882d,510945b2b1d600dd90b183858b86419926b81e65
2025,20030832.pdf,70952,66fabce5245e8b34af615e41409e1efc851887bc7a8cac84253afda8403ef4cb,510945b2b1d600dd90b183858b86419926b81e65
2025,20030839.pdf,62035,0f37ea1a8fdea47eb7c5f819208eae015b35cffcc9b7bb66a1ccef2d7803ca96,510945b2b1d600dd90b183858b86419926b81e65
2025,20030848.pdf,72526,bd06e3ecf4eeb125d9436e5043721f246bd343467b8dbcd8c1d251363dda0667,510945b2b1d600dd90b183858b86419926b81e65
2025,20030850.pdf,90139,279083b5071ed5f32880978ddac6355744652825fced0aa7dceb447995f784d8,510945b2b1d600dd90b183858b86419926b81e65
2025,20030857.pdf,68665,e23b6c6b2a1f96f6bc02c3a1a7ea1839273560e136a79728e3189273697dc639,510945b2b1d600dd90b183858b86419926b81e65
2025,20030860.pdf,95361,8d66eb44b117f412433dceb41b6136b13c985167822938ba2707cca2e36923df,510945b2b1d600dd90b183858b86419926b81e65
2025,20030868.pdf,91394,1f7c003c2806240ce46732643f562beeecc66891e303cf36f30835dd208b7c45,510945b2b1d600dd90b183858b86419926b81e65
2025,20030869.pdf,62191,257dc49de0b19c93416f6a6c4160a3d5a19fb69dc74d822cabaa82a64505fd09,510945b2b1d600dd90b183858b86419926b81e65
2025,20030875.pdf,63246,b0160570ded11eeaa69188ed7637c78bded9f70c1d0df74fc5c1e0e35d5811c8,510945b2b1d600dd90b183858b86419926b81e65
2025,20030876.pdf,66831,ccf05a6e86b3a30ac9f4ac47200a446450641423dc626c5def0e266d495aeeec,510945b2b1d600dd90b183858b86419926b81e65
2025,20030884.pdf,65802,00f6a4927f3ffc91a462067f04f3e3fce5c9a313e276f0ce0bab27060fc35ddf,510945b2b1d600dd90b183858b86419926b81e65
2025,20030886.pdf,66310,5f43693e67991afa89b8152dd4832716d9798aa0e3c1d3a96e60c9943213356f,510945b2b1d600dd90b183858b86419926b81e65
2025,20030889.pdf,62765,a8eb60dfffec3a1f3169c6d89b85787eece8271cebfa26f9ef6200097a5810b7,510945b2b1d600dd90b183858b86419926b81e65
2025,20030891.pdf,723132,0efe2f40dab7bf661c8f8dcfd7c9f172fae488e2cb1aea78613736cca1cc2239,510945b2b1d600dd90b183858b86419926b81e65
2025,20030892.pdf,67306,eb4ee9fb9c2805eb03a872faf3e4058b2831328091981db6d0cd9ebc13094969,510945b2b1d600dd90b183858b86419926b81e65
2025,20030893.pdf,64776,8c7ea6f457c40f0be440f5fd9b452957f7c164215eb477254e1fb8cc3f0604ff,510945b2b1d600dd90b183858b86419926b81e65
2025,20030894.pdf,63772,1e1f70eb692d45c195810a2b8e1b31a51ab26dc0defee27fd9821a29f9fb7e64,510945b2b1d600dd90b183858b86419926b81e65
2025,20030901.pdf,109821,e10009a758e70c51a4e8abff33e85eaf11824f39476c5eaacc47ce6d3d98423f,510945b2b1d600dd90b183858b86419926b81e65
2025,20030902.pdf,83265,17d0e037c737ffc3157792f0880a4735fcf746269b539ab950e248e51ae6344f,510945b2b1d600dd90b183858b86419926b81e65
2025,20030909.pdf,79894,fd36362daa57183e9dd584a2f4d17062099e3b5cbf2da8a1dfbdb42411fd21b9,510945b2b1d600dd90b183858b86419926b81e65
2025,20030918.pdf,70683,2780a92dcf221a227159da7f98f1e91abc4cd9e9b3d56e833bc6efb73c73b809,510945b2b1d600dd90b183858b86419926b81e65
2025,20030922.pdf,73433,947060a3f64a6317f2f76e24602bca761861075a5a026a79c27aca7d55f13d9e,510945b2b1d600dd90b183858b86419926b81e65
2025,20030924.pdf,64918,a91070b5d69ccf750fcf5fbbfe79a4b10fa79fe642fa75c8931e42f0718634f1,510945b2b1d600dd90b183858b86419926b81e65
2025,20030925.pdf,64143,c97a9d161c06d3261386c228f688b64d37d64b9d5365b0230878e6411259fb32,510945b2b1d600dd90b183858b86419926b81e65
2025,20030929.pdf,62032,b24037ea3b69123811183522be8575d280c70283e37942a961a7605cb6039e39,510945b2b1d600dd90b183858b86419926b81e65
2025,20030930.pdf,268544,c02a911ebbe2acf6b7f38b859201898ed50efe436a2d7270f9537cd80ce5a42e,510945b2b1d600dd90b183858b86419926b81e65
2025,20030932.pdf,213126,cbd83a8a6372686462120c2b9c987b8818b9de8c5852c50e81b9b3469db589d7,510945b2b1d600dd90b183858b86419926b81e65
2025,20030933.pdf,64672,3eac087e552d96fed95e05291819a1dd71eb312c98cdbfbb38a88131062a96a3,510945b2b1d600dd90b183858b86419926b81e65
2025,20030944.pdf,62584,e2a0fe7e9c4d332b7f3657c96a5094640124f05e46841c488b616283d9d4b32a,510945b2b1d600dd90b183858b86419926b81e65
2025,20030946.pdf,73011,01fd9bb3487cd495e726a2c8d6c3bcc87c1400d9fe0e80a2f48991bd2f4a4f29,510945b2b1d600dd90b183858b86419926b81e65
2025,20030952.pdf,64487,7105e6df13964408aa7e0f02e2de3dea61ed2652c418ab59e597971838893cc7,510945b2b1d600dd90b183858b86419926b81e65
2025,20030955.pdf,63356,fe06f15772ae0bab2baa01f0297bb3d5c7633f1b557b89f384a831d3b02844c4,510945b2b1d600dd90b183858b86419926b81e65
2025,20030976.pdf,63688,bc0da9cb6f18495df3b53c945556af7121936d515f2fa71dfaab8347f0882192,510945b2b1d600dd90b183858b86419926b81e65
2025,20030989.pdf,66147,35cfd3eb1be4f8a0abafdff0ab556af0fdf16f3a878d6a01e2df7334dccd2791,510945b2b1d600dd90b183858b86419926b81e65
2025,20030996.pdf,73782,b17f2dee5d591203bbffb3673e1c152a3fe677df1d90db6d46e4e3d8b1c5df43,510945b2b1d600dd90b183858b86419926b81e65
2025,20030998.pdf,68145,65ba8fe933a0c43b12f87cf11973caa92c9a4e519ac3c112eaa7e096ec572510,510945b2b1d600dd90b183858b86419926b81e65
2025,20031001.pdf,63600,af8daa2d3caa6e6e46e0b03052341d8d7bfacba209f4aa7a1eccea4aa890719c,510945b2b1d600dd90b183858b86419926b81e65
2025,20031007.pdf,62601,fd0c6ab1d81f68208320c58e13893f5588937a3942e1bc03b4fa831ebf2cc216,510945b2b1d600dd90b183858b86419926b81e65
2025,20031011.pdf,64592,a4e662e787766e26e858117fad83886525c5afa9da7ee2be1a5456bc9df38384,510945b2b1d600dd90b183858b86419926b81e65
2025,20031013.pdf,77333,e8e798f3f8a0340c32c8fea12f16b2b313c9efa32c666ef1fb9d54b75cf8aca7,510945b2b1d600dd90b183858b86419926b81e65
2025,20031014.pdf,65651,0e1a3a7144e632a26bc5a3284b1fcc559cd7da6ce3bbd3e3260b6f1b3984107f,510945b2b1d600dd90b183858b86419926b81e65
2025,20031017.pdf,99809,cd6cbe0c14d3b0c727deb8cd2dc74ce90ecaa5c62d44ba1c8f3bff9204a52d71,510945b2b1d600dd90b183858b86419926b81e65
2025,20031020.pdf,88445,6e615249802968fde9694898ecd8ad12d203b64bbf7565863f75bc675bb48d97,510945b2b1d600dd90b183858b86419926b81e65
2025,20031022.pdf,146355,40d49d84498ce5e931fff6d4ad4aa66066e1f350e53ab926d196430911fdb697,510945b2b1d600dd90b183858b86419926b81e65
2025,20031023.pdf,68028,a2f8e128eacb3525754fe41755154fa68c6a08953604d28fff70b1224caab4de,510945b2b1d600dd90b183858b86419926b81e65
2025,20031032.pdf,69666,d0d0f5ecb51abd61544fa4a3acd1e34dd79175b2d7862d61bc3a064fcfc96d01,510945b2b1d600dd90b183858b86419926b81e65
2025,20032038.pdf,68269,ff0486a02c0b5a834cee19dc79161545c638d9fa2d355baf8fde7badc0a0b6eb,510945b2b1d600dd90b183858b86419926b81e65
2025,20032040.pdf,63424,c8f6b49cdb9758f0ec8aee6f39f48cf447c2b08a94bcb2d7fe7c3a7b70862ec9,510945b2b1d600dd90b183858b86419926b81e65
2025,20032051.pdf,66868,d93c1f10cafd8ac81917a807643047ace806911f3e7fb7fb1d67f76b541914cb,510945b2b1d600dd90b183858b86419926b81e65
2025,20032052.pdf,87992,eb2fc8989028105de8f639a1765d82388a952b745a92d55a5faca32559378f33,510945b2b1d600dd90b183858b86419926b81e65
2025,20032054.pdf,66953,d40b65fe47512ae0ba028defe1e8be1d9ede6b44627bcb98eaa27c24ce71e6fd,510945b2b1d600dd90b183858b86419926b81e65
2025,20032061.pdf,76182,96545807de12fdcd37b08dd0ba469c11bd8967dcd7aa6c8e43ecc36a050dd804,510945b2b1d600dd90b183858b86419926b81e65
2025,20032062.pdf,62508,e70be3e0b326c459adbfee5b8f232905f203760887cb91e94cd86b902b4be01b,510945b2b1d600dd90b183858b86419926b81e65
2025,20032066.pdf,123085,696a924163ee00559f90d14c691422d8b7d6ec3501b6893e82b9cbde0e3c915a,510945b2b1d600dd90b183858b86419926b81e65
2025,20032070.pdf,269804,834de84ddfceefd218ce28e1aff26384c34a2b18ec4bfb5213c000601dbdef29,510945b2b1d600dd90b183858b86419926b81e65
2025,20032080.pdf,64969,3afb5d98bcfa27de73dfa06bffd2532569ce31a3be3a3390236ebf83bbe45acd,510945b2b1d600dd90b183858b86419926b81e65
2025,20032087.pdf,64365,1a52c50f90ec1d127bc938a074e5f976381c54240a0165e2e01987f5d9204a3a,510945b2b1d600dd90b183858b86419926b81e65
2025,20032089.pdf,70178,c17f2ed545177c89905022a385269ecd76e2713bfbc982c790c80305edebb60d,510945b2b1d600dd90b183858b86419926b81e65
2025,20032091.pdf,79894,565f85fb2d42f975ec3f65a04f5688d0dee095cdde7f720aeda8bc5fcdd5ec61,510945b2b1d600dd90b183858b86419926b81e65
2025,20032094.pdf,86594,768526bcc880084b2f57f481166c92a0aea95d5259d6e39b0e088db54788c437,510945b2b1d600dd90b183858b86419926b81e65
2025,20032102.pdf,63944,51f602392898ce0f501cbfb97485eb490a8f061b8db823eb71114d802c380b59,510945b2b1d600dd90b183858b86419926b81e65
2025,20032106.pdf,85465,606edc1951553ca8d3be8ebd242e6a44af6557d40f6968295f84cdb27d21b68b,510945b2b1d600dd90b183858b86419926b81e65
2025,20032129.pdf,169729,2d4bdc58ea573218e2c9df0abedaca09bf3c452558e62795adde0dfb49558ecc,510945b2b1d600dd90b183858b86419926b81e65
2025,20032149.pdf,281593,af2f6a445a5443b09ace7fd6b360e04e150522c45e234ca4de5b61853d560510,510945b2b1d600dd90b183858b86419926b81e65
2025,20032174.pdf,71457,3997b1178212946ea68144de471c9dd65766a43a658260f722234fa83210a143,510945b2b1d600dd90b183858b86419926b81e65
2025,20032187.pdf,69878,9f39a701b32ae4b3dddd5f4d393d91ac20ba1b2f97dce3546babb67eb1d66cfd,510945b2b1d600dd90b183858b86419926b81e65
2025,20032191.pdf,66455,9687a1a7a329e3752ab4d72e5c4231c9e849ddac66434a97897aff97aea00b5c,510945b2b1d600dd90b183858b86419926b81e65
2025,20032200.pdf,66703,a5a9154a3d6065f22b7cf7dbada4e10688a9f02f746fb6464b14b55bfdf3998f,510945b2b1d600dd90b183858b86419926b81e65
2025,20032204.pdf,65182,7d59ca89c78a3995128c4736e22389bf099906052f869fe727b59983c074fadd,510945b2b1d600dd90b183858b86419926b81e65
2025,20032205.pdf,66672,b73f5223a510c84439c25f361c764844e09a05fd9614cd5c6d59e2482ce661b8,510945b2b1d600dd90b183858b86419926b81e65
2025,20032211.pdf,210099,ba3022b569c0eb3bb64d620413cd5d624f2aba605253e5e01183c456694dd367,510945b2b1d600dd90b183858b86419926b81e65
2025,20032215.pdf,64754,c6997e4e0a78cf74f09cfa45bdec0110846ff7695353f5d7d0670867868c3c59,510945b2b1d600dd90b183858b86419926b81e65
2025,20032230.pdf,63179,e8a11ae73ec719380cfb9f4df16bb9b0b0db96da827eb7889fe00ccb587d5f49,510945b2b1d600dd90b183858b86419926b81e65
2025,20032232.pdf,67858,76c2658673ca1fc527a5e2af66d7cb2d361ec267543f270f4080543e8f8bde26,510945b2b1d600dd90b183858b86419926b81e65
2025,20032233.pdf,69508,8ac638c5da592546fb1e29d23d2e3439092fdb44d6bcb38978da2f2b6c354154,510945b2b1d600dd90b183858b86419926b81e65
2025,20032234.pdf,81126,acc7744e84f5f964f69ff55194a20487a96b679f59e58ce54528d483c018c5b4,510945b2b1d600dd90b183858b86419926b81e65
2025,20032236.pdf,91456,e676738f598ffa4b51383ccc3b4d0311c75245b1a8bdc8dc01c06b7bd2e86cf5,510945b2b1d600dd90b183858b86419926b81e65
2025,20032242.pdf,84911,a70903425a6aaf324042815d1e6a34627fe0b5bbadf0e28a6af4cdda1e51258e,510945b2b1d600dd90b183858b86419926b81e65
2025,20032245.pdf,63056,b3f0232cfb22a6985ed036921a2d5f80b485d680a11cb231cab97994e79afed6,510945b2b1d600dd90b183858b86419926b81e65
2025,20032246.pdf,74718,c5369b66a9473d7e692ffac762f179f1f528e64766aec159bf6eb6c1d0f93eb5,510945b2b1d600dd90b183858b86419926b81e65
2025,20032248.pdf,150857,9c05f42170199e499cce25f46a7d8662ba660127aa06085e257941838193256c,510945b2b1d600dd90b183858b86419926b81e65
2025,20032250.pdf,64564,2cc2cf2a65345aa5ad71064d259133e0be42ce7bfac75503dac08aa3002b6409,510945b2b1d600dd90b183858b86419926b81e65
2025,20032254.pdf,65322,46ae7c3f91f4d49bef50349cf11fbc98540a9a24a8b727129430c6e5046980ff,510945b2b1d600dd90b183858b86419926b81e65
2025,20032255.pdf,68196,24dfc7a0925346bec8fb24f21d9ac399524d5c769d84049e002f605cb704f38a,510945b2b1d600dd90b183858b86419926b81e65
2025,20032256.pdf,69289,ca01ebcd37dc8a511aed6b1e4cedabf25304cedbf0680be70e4f7e702b03833c,510945b2b1d600dd90b183858b86419926b81e65
2025,20032269.pdf,74119,dd0ad1adc5471e5e0e547e9eca748fccceed46d85065160ca3340e181b07b02c,510945b2b1d600dd90b183858b86419926b81e65
2025,20032276.pdf,97774,6e4dad4ad2bf5c45e654093b1bdb53809ea684b9792d2b84d7e05dc4a0742eb8,510945b2b1d600dd90b183858b86419926b81e65
2025,20032283.pdf,72211,f82c5e6af9a5157f6745efd761fa03156dbb5e6474e207b74e0c23a5c1993f90,510945b2b1d600dd90b183858b86419926b81e65
2025,20032284.pdf,67991,ba268d36a01537643fbf595d475afd22aeb8fd25a29935de662d788ae776a9cb,510945b2b1d600dd90b183858b86419926b81e65
2025,20032298.pdf,71218,7c46c185166ac156347a4c6fe5a9eb43de9d9b324f2597bd00da54b9a61638b3,510945b2b1d600dd90b183858b86419926b81e65
2025,20033314.pdf,71683,07ad94bbe02cf35889a9ae147404d1d259428391975e5fe54f70165902602739,510945b2b1d600dd90b183858b86419926b81e65
2025,20033318.pdf,64488,ab2406beffdbd63177ec9ba974e5bd3ea34baa970a6798273b9f49ab21f2f7c7,510945b2b1d600dd90b183858b86419926b81e65
2025,20033320.pdf,62901,4efb77e9dbafeb54d601f97f7b3fe698d14a2a47a04add635df1dd10058399c3,510945b2b1d600dd90b183858b86419926b81e65
2025,20033321.pdf,72053,54b84d1fbb542f85ace36cd010a07ccab3256c3ea35dc9e6e1552cbbcdf4669f,510945b2b1d600dd90b183858b86419926b81e65
2025,20033325.pdf,70802,23499389dc0f23fb99981ea63a0e97c7e91a18f2f0b9303c71dfd9856b496ca9,510945b2b1d600dd90b183858b86419926b81e65
2025,20033326.pdf,72662,b090e0bd9de1c30f0b9a3a4838b45282400a60a3e1c7b0810eec1f374d9b2e1b,510945b2b1d600dd90b183858b86419926b81e65
2025,20033327.pdf,72802,a3b7dd6fe16ffc0c3e579614968a08753afec1eb4c31ca84971f5b6be93a7990,510945b2b1d600dd90b183858b86419926b81e65
2025,20033330.pdf,66586,a46187c4d9aed60ec754a7072d946752146d4118789198d7da5f5894cf2321c2,510945b2b1d600dd90b183858b86419926b81e65
2025,20033335.pdf,62692,c53056125f144291276cd581aed639bda5a5e9b63d2c2e0476d4531ac20d49a1,510945b2b1d600dd90b183858b86419926b81e65
2025,20033337.pdf,63177,d81b272aee2979c60fabfb245694d526cd60bdaa5fc3e843c814d0897e8e5c26,510945b2b1d600dd90b183858b86419926b81e65
2025,20033346.pdf,63573,a314d8fb6c3586d4f4644422523aa2e3cc7f16a220222935546a6f81199a8c1b,510945b2b1d600dd90b183858b86419926b81e65
2025,20033360.pdf,73944,710494ee29d4e23c5bfa241ccf296981804b74f165eef3476d51f275db6558c2,510945b2b1d600dd90b183858b86419926b81e65
2025,20033370.pdf,64997,906d7e6acb989c4235bb9f1290e65a4603d90c66713616696a5a5f38603733e1,510945b2b1d600dd90b183858b86419926b81e65
2025,20033379.pdf,86315,cb5025cafbfe188d81b26eb51e4e58c6a23901406c5a2fce5ce2ba6bce268510,510945b2b1d600dd90b183858b86419926b81e65
2025,20033393.pdf,70700,66ecefc138be1e04e06245cb533afe2bcb995e8290d71dde6b7eea8bb80184d7,510945b2b1d600dd90b183858b86419926b81e65
2025,20033394.pdf,67260,66f48469a92628c09cff229d7e6f62e86c374ec9a98413c54f97ee509a5c0453,510945b2b1d600dd90b183858b86419926b81e65
2025,20033395.pdf,87500,4691cf95e5b3d943f469f849ca365e7d576b287fe84fc8d784969a1a17a58ce0,510945b2b1d600dd90b183858b86419926b81e65
2025,20033398.pdf,68556,ea822a1eec24eb45185edce943bc6dcbd72c5e14c96452bf3cb5ce1de8ef84dd,510945b2b1d600dd90b183858b86419926b81e65
2025,20033402.pdf,62715,a1a5126ae0f367184d3f6bd07aa2194fb56e8fb3b828baf1a3ef328c2db6291f,510945b2b1d600dd90b183858b86419926b81e65
2025,20033403.pdf,65380,b8bf5e178e74ecea8d2f70fd1d0809441c6af9a117339946ac7195471ef7e883,510945b2b1d600dd90b183858b86419926b81e65
2025,20033408.pdf,77340,78742efdd2efe716605a4ac148c2f090840f90ef3c837224474d51baceb18f1b,510945b2b1d600dd90b183858b86419926b81e65
2025,20033409.pdf,68914,b96a8fbe7b3dad9621040704240b95ee049582b0ee37e37b130ed5bc83d05f78,510945b2b1d600dd90b183858b86419926b81e65
2025,20033413.pdf,74177,761f3d0fe8339f0d34a4fb2ded3b612405deacbcec496edf2ea6fb53e38ed0b1,510945b2b1d600dd90b183858b86419926b81e65
2025,20033415.pdf,67311,0f9663a6fcb9f7c674ef3fc9856d7ed07b2536e2156c61dbfef0a5e6d532ccf6,510945b2b1d600dd90b183858b86419926b81e65
2025,20033416.pdf,65034,698fbc2347b71e946eba42b547ab9499e4628d1bdf9cb779eafe392db740d46d,510945b2b1d600dd90b183858b86419926b81e65
2025,20033420.pdf,83503,3b453391e41e982ffe9413344d9a36caadecfec20a439a3f4df3f051e84a67ea,510945b2b1d600dd90b183858b86419926b81e65
2025,20033421.pdf,93992,7fef2e48288fbf4a9a315227632fa972d18e557eacdeb5740ecd7b83ec2a0297,510945b2b1d600dd90b183858b86419926b81e65
2025,20033424.pdf,74927,d77920ed17da4938c5664fe81d29b164e51658edc8c77c71fc15e9f37a85d1dd,510945b2b1d600dd90b183858b86419926b81e65
2025,20033425.pdf,64998,157c53d18f192c474c01004b415509bb04ec147f887690d10f7f9a2f0a926ec6,510945b2b1d600dd90b183858b86419926b81e65
2025,20033427.pdf,65794,ec939d6573a6f843b5bda76833bd75c333a3b9e2281bb59151260e5e2fa9a327,510945b2b1d600dd90b183858b86419926b81e65
2025,20033428.pdf,63014,2d26cf70b4069362aa789d4fdde5c4b444211d602818f78e95870b3c4b103091,510945b2b1d600dd90b183858b86419926b81e65
2025,20033431.pdf,63192,60349ce61dc3ab9b3cb91e5df4405c6789bc047db9311bfc47ec633b328a00ec,510945b2b1d600dd90b183858b86419926b81e65
2025,20033446.pdf,497551,cb950a09bdec0d1158236cfa4e573e67dbaefa0b770b09f4a6dd8d2339d5effa,510945b2b1d600dd90b183858b86419926b81e65
2025,20033447.pdf,68018,137085f7e9ac07f9c80d25f476b3b9b40348c71c8f51bed9c6d56471ea13c8ef,510945b2b1d600dd90b183858b86419926b81e65
2025,20033455.pdf,200405,8c9fc59a5e9763cc592c45748648b50ead7b107255e425e18ea80e44ed3123ad,510945b2b1d600dd90b183858b86419926b81e65
2025,20033458.pdf,82373,fb711ce13408417bc5f859d65b48fa472e559999656d07a533c100e17e6f1b89,510945b2b1d600dd90b183858b86419926b81e65
2025,20033462.pdf,63419,2615844d169e3731473e5cce2be07dfd5da5b6e52f3ca17c25c064f1b30a427a,510945b2b1d600dd90b183858b86419926b81e65
2025,20033472.pdf,63838,d5ab78cd1737fb0186363a2da067a7ac4b739b8a29eefa31c5f458d61efff96c,510945b2b1d600dd90b183858b86419926b81e65
2025,20033474.pdf,67232,1f036a4b1084ec59198bca83bca1e79037596a008a7b28f879424e4ddd75d925,510945b2b1d600dd90b183858b86419926b81e65
2025,20033476.pdf,63550,447a9b9d8970a9f7e5501cd87fb6d208e6c4ea77bc437cd7828333fb1ba59ce4,510945b2b1d600dd90b183858b86419926b81e65
2025,20033488.pdf,61558,7320486390321052c685201a47c999952ccd6a2cd0be25f10e1d18b044118360,510945b2b1d600dd90b183858b86419926b81e65
2025,20033490.pdf,63015,cff058084b5ff03af42347f0200a778c09ff2d94867f989690251032376acd7d,510945b2b1d600dd90b183858b86419926b81e65
2025,20033491.pdf,81475,2a61472e972bb19851a402c123aa9e383470072f2a759ee22eeea0460bf2b95e,510945b2b1d600dd90b183858b86419926b81e65
2025,20033492.pdf,63447,830bdc29a3cb629d94a502973d4b1d15b5624f596fb2eeddd550e3bbdf5a0da5,510945b2b1d600dd90b183858b86419926b81e65
2025,20033493.pdf,67655,97820221489caecfdc0e704231134fd98a2525876344135627ab53fb72ed226a,510945b2b1d600dd90b183858b86419926b81e65
2025,20033495.pdf,93463,76dd77d0f272b59b43d88d6c91e21381203c2dae6c40da514868fe83ba57bd54,510945b2b1d600dd90b183858b86419926b81e65
2025,20033505.pdf,62346,a0f330c4f1fc4160007dd8af8a73a0cec1159e816e58218a99c2d993fc9d88d9,510945b2b1d600dd90b183858b86419926b81e65
2025,20033553.pdf,64177,82fcd4eeeb38da52868e8509451f8925336bf2745b62c9aa8a1272feae7e6b39,510945b2b1d600dd90b183858b86419926b81e65
2025,20033559.pdf,65674,4d86a13b1c30f447ceb63613220afcd6eb3b0710f30db3146cd86564a32dc811,510945b2b1d600dd90b183858b86419926b81e65
2025,20033564.pdf,74838,e0388a7aff9e6757ebddb1da57bae7c31453a83622bf0b2d15b45fd49cae0ac1,510945b2b1d600dd90b183858b86419926b81e65
2025,20033565.pdf,65076,1a51c5cb07c118541faa7877ac0058df2cb7f194a1108dc20aefe70ebfcaebac,510945b2b1d600dd90b183858b86419926b81e65
2025,20033566.pdf,69571,542af75cacbd9c43f690922b80b3b95f95df17ada37eb47410a2290399ea84f7,510945b2b1d600dd90b183858b86419926b81e65
2025,20033570.pdf,62164,e1fbb1628f61a5078f2bbe6cb78d6da05a78adabdd5b0a3fa6100e1576d21dd5,510945b2b1d600dd90b183858b86419926b81e65
2025,20033572.pdf,64973,bfdda4b4cfe71f8040389ab6d2751bcf05ccdbc5b54aae94523dbef85d19422f,510945b2b1d600dd90b183858b86419926b81e65
2025,20033574.pdf,106266,00a194f17f6d4509a69782919de51ddadd6509b89d7d12d817b691254b63066f,510945b2b1d600dd90b183858b86419926b81e65
2025,20033575.pdf,66579,b0e684adc5ea1c87f11c6cf66164ce32a86e6ba5f512b5b15ebc559ba4520b70,510945b2b1d600dd90b183858b86419926b81e65
2025,20033576.pdf,73552,6f22068af8e60984b4ac8f6b0f28615cca8e6fb2ae6b0316ba420e85d2a77e2f,510945b2b1d600dd90b183858b86419926b81e65
2025,20033579.pdf,86510,f42bdda160be909b7ad71e88ef906a1673b54bd1e890d090177c9e21c5bea060,510945b2b1d600dd90b183858b86419926b81e65
2025,20033581.pdf,63600,8d404d7a4231f525017e60be4268c182c1d1fb0c1939b25c049ee81a3af94925,510945b2b1d600dd90b183858b86419926b81e65
2025,20033587.pdf,65717,b7372bc411922e3aab6a92d5f09dafed3727bab66e7a2c9723fecd63eaf46248,510945b2b1d600dd90b183858b86419926b81e65
2025,20033588.pdf,67750,bc808f7ecfc32e8d77d24d86ca14d349f3d30f98dc9673758d17ce890b8cf9ff,510945b2b1d600dd90b183858b86419926b81e65
2025,20033589.pdf,65184,b2f12c4529c5f9760f3ec814fde401e4698e737bae3cb63716cd96eaa21a2e33,510945b2b1d600dd90b183858b86419926b81e65
2025,20033590.pdf,86462,8adb269ef41022982960bc6f2470f96822a913460d9c7d45658890beab936b0c,510945b2b1d600dd90b183858b86419926b81e65
2025,20033604.pdf,66483,4e5c3a6ad623a7d99da44237caea023f80bb3914f87ab65e47d13bcbe8b84f25,510945b2b1d600dd90b183858b86419926b81e65
2025,20033610.pdf,83871,52483701471ae1ccffbb078c5f6a79ffeb3023592a6e700d5412b143a08ba40d,510945b2b1d600dd90b183858b86419926b81e65
2025,20033611.pdf,125771,8278c00eeb823625ee96384d3d2efde125fef920c637b8c8a146a1fc571b0029,510945b2b1d600dd90b183858b86419926b81e65
2025,20033615.pdf,63957,7708dc4cbb9c132f3f5fbde266e86ae7f7b89850e14d0b058f34a35e2f81223c,510945b2b1d600dd90b183858b86419926b81e65
2025,20033616.pdf,78859,b4a14090190553474a8ccc7b0489611025fa5f40ca601ef5959102ab902998c8,510945b2b1d600dd90b183858b86419926b81e65
2025,20033619.pdf,252075,1b8ee580c853b7905e287c55a5068d2af7ce35bb4606cc183bec3669a92d463b,510945b2b1d600dd90b183858b86419926b81e65
2025,20033628.pdf,65378,6082eae8c761e136828970a8bcdc94014210584a4e6f541bac128a65020c4c64,510945b2b1d600dd90b183858b86419926b81e65
2025,20033649.pdf,62623,a74582b71acccbf55c7fa722d318b5b47649fe90d6132d6c55bcde907665b278,510945b2b1d600dd90b183858b86419926b81e65
2025,20033651.pdf,65165,728ee06bd6e6723f5579bd12617638ba12c723a576646cc88a8dab90f9d94920,510945b2b1d600dd90b183858b86419926b81e65
2025,20033659.pdf,69040,3715b4299106bfd543894f5d7dc665fef843817b1a773ebd085d3d28b2a1a60a,510945b2b1d600dd90b183858b86419926b81e65
2025,20033666.pdf,85717,4f46d458949573088cb3aff61bcdadacdd03045ffbe34f65025e16fe5f1f0c5e,510945b2b1d600dd90b183858b86419926b81e65
2025,20033667.pdf,69356,f64590e3fba73eff39fb229e2472e926890d52aa25d09ae263299b7bb8661b76,510945b2b1d600dd90b183858b86419926b81e65
2025,20033670.pdf,67652,b8108a2c9c1185b5f522fa4fbcd72ead4a35819ba1c1c5a52c05c1998a5f97a1,510945b2b1d600dd90b183858b86419926b81e65
2025,20033684.pdf,64874,354cfa244ae1eba7edbef12a0d38a7248ec1f181aa528e3c98798b4a5ae5956c,510945b2b1d600dd90b183858b86419926b81e65
2025,20033691.pdf,62818,9432b05fdb23cf0a39ddec6ea9f00d3cfd33054f3370b741883a98253b47b03c,510945b2b1d600dd90b183858b86419926b81e65
2025,20033694.pdf,89232,123ac19a3bff83be8654d9717d7513c5a1cae206aab36ac679f382eb7e5c51e2,510945b2b1d600dd90b183858b86419926b81e65
2025,20033699.pdf,67657,d080baa3c7f36a55786dd219deba15704a5afa78e92b7c9d10f73737970a8d7e,510945b2b1d600dd90b183858b86419926b81e65
2025,20033700.pdf,67618,a458bf29a81210e2e1a1fdb316acbded982324cbf1289f68df8511eb1c1a565d,510945b2b1d600dd90b183858b86419926b81e65
2025,8220731.pdf,57799,9aec069a88b1fa366dac9d5a091a6d071a9e500efce3311267ca170b36247273,510945b2b1d600dd90b183858b86419926b81e65
2025,8220747.pdf,54738,abddefd1e463f88e62e9173f6a12e07e8457f56503619e40f85e034645eb7be8,510945b2b1d600dd90b183858b86419926b81e65
2025,8220750.pdf,1027104,f846e21d204830941cee2cf6dc402c48999a0548ca6c8bf465537f8e0ee3a1b6,510945b2b1d600dd90b183858b86419926b81e65
2025,8220753.pdf,105766,0be0a8cc452f3eb60de294c7b45ae8234a1713323486591814b637ce48db534a,510945b2b1d600dd90b183858b86419926b81e65
2025,8220754.pdf,138848,3e3736f784e4cb8148913c8b195f3a8fd5268cebbecc976960fa5a273f1746ba,510945b2b1d600dd90b183858b86419926b81e65
2025,8220755.pdf,29199,9915df4dbb47c382f8b75e61e785acdeef12da455b119bb669052b794450bcb3,510945b2b1d600dd90b183858b86419926b81e65
2025,8220757.pdf,31633,b922fcd97daf5b4764ca794f842d87858ba7f7aac1711359d62eb938c48fe142,510945b2b1d600dd90b183858b86419926b81e65
2025,8220764.pdf,54875,2448a8a060efb21fb9c88e4f18271594e86bfcd40de359a4da850879b06399df,510945b2b1d600dd90b183858b86419926b81e65
2025,8220765.pdf,55448,7343d48fea21f727bba4264c8a6e9b015740d659a95571816eac94d7b7a791bc,510945b2b1d600dd90b183858b86419926b81e65
2025,8220768.pdf,49881,f02eeb304da4667e2336f5871873ab13c79ee08df83af46146ed2442e6987661,510945b2b1d600dd90b183858b86419926b81e65
2025,8220770.pdf,29801,e34a2d9e9eeebf5b1f3fc355c5b6753952cfeb428686eb9ff71563a46de6d5ea,510945b2b1d600dd90b183858b86419926b81e65
2025,8220780.pdf,52477,793194656b286fe9831641a63c03f9d03295f781c819feb2ff59b4a356e5e103,510945b2b1d600dd90b183858b86419926b81e65
2025,8220782.pdf,27828,ccbd04ac1d308dd673bc0ddceb0be14e009c7fa4cc06df50a4026af7be9a8426,510945b2b1d600dd90b183858b86419926b81e65
2025,8220783.pdf,817616,10be37678414505ab67ba3a9bdb78721ebe7367dc61863fd065d16536b15f045,510945b2b1d600dd90b183858b86419926b81e65
2025,8220796.pdf,32211,bb925a780fd110803f7f2057581726a925e943adeea725fdf5bb82b541a93216,510945b2b1d600dd90b183858b86419926b81e65
2025,8220799.pdf,61240,99bcfa9969d77d1757c80eb28a8d9a42851e01d9385b7586abc5d74653a40b1b,510945b2b1d600dd90b183858b86419926b81e65
2025,8220809.pdf,30011,b18ccf817de96090cd07d8c7027dbdd91990701c93cfd6bb592142cbdbc65952,510945b2b1d600dd90b183858b86419926b81e65
2025,8220824.pdf,32276,3d5e0208d6dc52fe3a2f8e7962923402db738b438a4332d9115dfe33677f6fde,510945b2b1d600dd90b183858b86419926b81e65
2025,8220827.pdf,990255,158f7364b91e2ac6537343f21f4409da6a56c9fb44f92bf490bbceb0a33f29ee,510945b2b1d600dd90b183858b86419926b81e65
2025,8220828.pdf,29462,f91f74662af9bf57ca07b19974f74472a3e46cbda409950fafb835fb409125ad,510945b2b1d600dd90b183858b86419926b81e65
2025,8220834.pdf,77043,6cb7ee5457c83e6f1d811c72f90cd2bcd23fcb006255caab64f729d6180cc218,510945b2b1d600dd90b183858b86419926b81e65
2025,8220836.pdf,46549,395c59539ca9bf51fd9fcb2f56853212ee59fb376f421dc4ab17bf02b519f6b8,510945b2b1d600dd90b183858b86419926b81e65
2025,8220844.pdf,31778,75d5150a91f672273e6c777fd68947e1ef173c376b48a0c3b4ae1b730f9d86f7,510945b2b1d600dd90b183858b86419926b81e65
2025,8220845.pdf,29068,f6f57d9e6843aa4acc8486b6c15f1b7bc436da576e2bf8976bafabdbf7fe6338,510945b2b1d600dd90b183858b86419926b81e65
2025,8220902.pdf,130330,7647f4de09f8bda070558a9085784e4a81b422e9c0c8af97038ef923a13047c5,510945b2b1d600dd90b183858b86419926b81e65
2025,8220903.pdf,61523,03baecbee5ac57cfbe01c351d880ca3fc77d15e5c17d96038cb86edbefcb0347,510945b2b1d600dd90b183858b86419926b81e65
2025,8220904.pdf,161832,54efee50f786514c90124ac9767d66007242cf78ee143e3bfc41a59e47cec5a5,510945b2b1d600dd90b183858b86419926b81e65
2025,8220906.pdf,1724452,5958b9bd3281ebc563a6a9642d77fe3372e084da8a1c26fbd95a19aeb98c21cf,510945b2b1d600dd90b183858b86419926b81e65
2025,8220958.pdf,29651,3da69a7fae363a68bbd173ca6428b33f571c67f30df5c0a22326601f1596c230,510945b2b1d600dd90b183858b86419926b81e65
2025,8221120.pdf,58544,c0d71adc4e78549f1e0b5c93c333c1771b9cfe236a72c597941f1720bb11c49a,510945b2b1d600dd90b183858b86419926b81e65
2025,8221123.pdf,32458,dd48f701c163ca86037f14ea22997f416a153befa980fcbd3b1bd805a1b62a97,510945b2b1d600dd90b183858b86419926b81e65
2025,8221124.pdf,938065,513101cd0041b1429e110af2deb19171ea8f4e8d9e0e43b393fc68fbb48e05f1,510945b2b1d600dd90b183858b86419926b81e65
2025,8221173.pdf,273948,b5f8c596026c819d3df8a5fb038e5b3b165de44a9a4715bb5340fbd11f7421a8,510945b2b1d600dd90b183858b86419926b81e65
2025,8221176.pdf,700622,3fa97844820d2f49dd5d4988c455d6e6f1004276916ce2ea24470fd27967a7f5,510945b2b1d600dd90b183858b86419926b81e65
2025,8221177.pdf,29719,eb2e3a232b1765870cd2ff584010479a1bc5e2142de352c79b7f5db41f3624de,510945b2b1d600dd90b183858b86419926b81e65
2025,8221212.pdf,384095,bf1ff552a81fc57bb9d41c9077e263242224853f128f598584a47b0b73149978,510945b2b1d600dd90b183858b86419926b81e65
2025,8221223.pdf,26326,ca1ecd0d335ebd29b002cbc432bc176f23bd192b092b2df4a9a63400c3eaad79,510945b2b1d600dd90b183858b86419926b81e65
2025,8221228.pdf,242958,c8d1ccdf4e14ad4a737bd4b12d76e3e49a357de3fadbcdf0cdbe8a7bf8e167ff,510945b2b1d600dd90b183858b86419926b81e65
2025,8221231.pdf,623379,33266c68e77b215e459e3eb781d8cef7e3ee3448f7db32cfca213ff6cdc18620,510945b2b1d600dd90b183858b86419926b81e65
2025,8221233.pdf,51567,94813f83ca2b517f962d8e977b8b160ea9f63a33730580d4557c0383454e1f47,510945b2b1d600dd90b183858b86419926b81e65
2025,8221237.pdf,46710,52f077dc7a3fdef9a747738e4dd6669350b05a957ee49bec217736d6e1db5866,510945b2b1d600dd90b183858b86419926b81e65
2025,8221238.pdf,26349,733ca370b1988f5478d9b8eb958ac1092f6ad7aa37e839994eecba2f0af6ffae,510945b2b1d600dd90b183858b86419926b81e65
2025,8221263.pdf,61761,d2773be13c2d085a041077f04a7d352f9194b019b238ece247fdf0331e8216b0,510945b2b1d600dd90b183858b86419926b81e65
2025,8221264.pdf,582157,516b74c086fcc8dc7b1de3d66451c0ed423b18c559ffaebebcdbf4956316a39c,510945b2b1d600dd90b183858b86419926b81e65
2025,8221270.pdf,26700,73b40a946526d4158701ec21ea37d47582d721f8d4ea0938398c9eca2c14ec56,510945b2b1d600dd90b183858b86419926b81e65
2025,8221276.pdf,28740,c2ceb1c998ffd7f162aa3b9b3ed2b044b6cabd386e71a73f5b92ed849a5d264b,510945b2b1d600dd90b183858b86419926b81e65
2025,8221285.pdf,473379,da072c0cef208af0fb7f3e2180c3a93b7118f1a2894c9080cb9950a47f42ddbc,510945b2b1d600dd90b183858b86419926b81e65
2025,8221287.pdf,26476,47ae719c5ec8f48e361a9e76e2a4427078241002cf69d996d648d04815fbb431,510945b2b1d600dd90b183858b86419926b81e65
2025,8221297.pdf,60124,72175c7c8ad976bb60562a5247b26c41f3da14ad7c6963921d21ddf0680265aa,510945b2b1d600dd90b183858b86419926b81e65
2025,8221302.pdf,138772,47eabd41a18b2b31be6a5d9dba80725f5bb1978a8e684ab1a50f56b539ab56ed,510945b2b1d600dd90b183858b86419926b81e65
2025,8221310.pdf,24702,2dcca87f6b23477b9c686ba3eb06fd6d31d4fcb73cc086089660c3f4e1b31de4,510945b2b1d600dd90b183858b86419926b81e65
2025,9115546.pdf,26348,2f782e947e76d04164da93805c01307820d5b23f15c0c815d60821b648e487b1,510945b2b1d600dd90b183858b86419926b81e65
2025,9115549.pdf,44609,cb4956f25f93be24ba5cb07355b879d12aa0d156749927c3cdfc75cbc4e34ee4,510945b2b1d600dd90b183858b86419926b81e65
2025,9115623.pdf,27921,59eae409d2cd16432774be997a4e77f2b79a07f1a6602b865d05db40765bcf68,510945b2b1d600dd90b183858b86419926b81e65
2025,9115635.pdf,52334,31f1570690483887a955cbd063d231e104d832c8fbab19209e73924baa227e93,510945b2b1d600dd90b183858b86419926b81e65
2025,9115662.pdf,172053,ad9073f9159f20000ebcdb77fbb750057d65ddbe19b72983864e3bbb24a40fa4,510945b2b1d600dd90b183858b86419926b81e65
2025,9115664.pdf,136704,7dffa46858d5431f1f673ee05f92df3997d7ebf47fcbae4c77966f498e926e57,510945b2b1d600dd90b183858b86419926b81e65
2025,9115665.pdf,30253,09125f2e74f15ab07780504550cf44a1c7cb8474e27e5d65e2750e03ecad4786,510945b2b1d600dd90b183858b86419926b81e65
2025,9115670.pdf,84480,2f327e4ba9bcbd0f53ee44ffefacaeddb89c658a85afccee7925e652e0289093,510945b2b1d600dd90b183858b86419926b81e65
2025,9115671.pdf,800786,48e25a833bb1a8617714a51f576fbfbfe15f19ddcc78bea70c1d4022c8aabbcf,510945b2b1d600dd90b183858b86419926b81e65
2025,9115676.pdf,601984,5517c29d1f968ffc0921ebf667af564e9e4a059d300494cfe5a4e8f3e17d68f7,510945b2b1d600dd90b183858b86419926b81e65
2025,9115677.pdf,282428,047ef781556a9ad91e925aefab08f685a09937a8c54ab51c6df27ce60af998dd,510945b2b1d600dd90b183858b86419926b81e65
2025,9115679.pdf,663198,cacef2564e9c121c8cc9916060b6dffd592bea668c4e308fb066769c598d0bb2,510945b2b1d600dd90b183858b86419926b81e65
2025,9115684.pdf,172225,1f303cd11e91773497be18ef2c5848adc0627149acfeeb946e24450effd9f4a2,510945b2b1d600dd90b183858b86419926b81e65
2025,9115686.pdf,36083,a10ed0f71d8bccd6aa262acb880ddb11f3c4113677ffda50ce5f07ab278574c4,510945b2b1d600dd90b183858b86419926b81e65
2025,9115689.pdf,112864,e06b24e6d67c35b8fc96d1add91bab4617e685e8e041b355a20e482797997b07,510945b2b1d600dd90b183858b86419926b81e65
